"Epic","Feature","Story","FAILED","BROKEN","PASSED","SKIPPED","UNKNOWN"
"","","","0","0","20","0","0"
"Demo","Labels","Story Label","0","0","10","0","0"
"Demo","BeforeAfter","","0","0","13","0","0"
"","Parametrized","","22","1","17","0","0"
"Demo","Failures","","6","18","0","2","0"
"Demo","Steps","","0","0","3","0","0"
"Demo","Skip Test","","0","0","0","1","0"
"Demo","Attachments","","0","0","3","0","0"
"Demo","Inner Steps","","0","0","2","0","0"
"Demo","Parameters","","0","0","2","0","0"
"Demo","Links","","0","0","1","0","0"
"Demo","Parametrized","","0","0","2","0","0"
